{
    "bitcore":  {
                    "name":  "bitcore",
                    "port":  3556,
                    "coins":  1,
                    "fees":  1,
                    "hashrate":  124954805,
                    "workers":  5,
                    "estimate_current":  "0.00000797",
                    "estimate_last24h":  "0.00000769",
                    "actual_last24h":  0.00797,
                    "hashrate_last24h":  670113561.4583
                },
    "blake2s":  {
                    "name":  "blake2s",
                    "port":  5766,
                    "coins":  4,
                    "fees":  1,
                    "hashrate":  2820408586951,
                    "workers":  235,
                    "estimate_current":  "0.00005159",
                    "estimate_last24h":  "0.00002942",
                    "actual_last24h":  0.05159,
                    "hashrate_last24h":  3153784788371.1
                },
    "blakecoin":  {
                      "name":  "blakecoin",
                      "port":  5743,
                      "coins":  3,
                      "fees":  1,
                      "hashrate":  469124961,
                      "workers":  1,
                      "estimate_current":  "0.00000222",
                      "estimate_last24h":  "0.00000255",
                      "actual_last24h":  0.0022199999999999998,
                      "hashrate_last24h":  504553669.1771
                  },
    "c11":  {
                "name":  "c11",
                "port":  3573,
                "coins":  3,
                "fees":  1,
                "hashrate":  272972087,
                "workers":  6,
                "estimate_current":  "0.00000502",
                "estimate_last24h":  "0.00000710",
                "actual_last24h":  0.00502,
                "hashrate_last24h":  640022358.9271
            },
    "groestl":  {
                    "name":  "groestl",
                    "port":  5333,
                    "coins":  1,
                    "fees":  1,
                    "hashrate":  3435974,
                    "workers":  7,
                    "estimate_current":  "0.00000059",
                    "estimate_last24h":  "0.00000064",
                    "actual_last24h":  0.00058999999999999992,
                    "hashrate_last24h":  32620271.875
                },
    "hmq1725":  {
                    "name":  "hmq1725",
                    "port":  3747,
                    "coins":  1,
                    "fees":  1,
                    "hashrate":  90500729,
                    "workers":  9,
                    "estimate_current":  "0.00001454",
                    "estimate_last24h":  "0.00001603",
                    "actual_last24h":  0.014539999999999999,
                    "hashrate_last24h":  119198429.1979
                },
    "hsr":  {
                "name":  "hsr",
                "port":  7433,
                "coins":  1,
                "fees":  1,
                "hashrate":  141001371,
                "workers":  6,
                "estimate_current":  "0.00000826",
                "estimate_last24h":  "0.00000996",
                "actual_last24h":  0.00826,
                "hashrate_last24h":  644904495.9375
            },
    "keccak":  {
                   "name":  "keccak",
                   "port":  5133,
                   "coins":  1,
                   "fees":  1,
                   "hashrate":  162865160,
                   "workers":  5,
                   "estimate_current":  "0.00000012",
                   "estimate_last24h":  "0.00000011",
                   "actual_last24h":  0.00011999999999999999,
                   "hashrate_last24h":  1851999442.3958
               },
    "lbry":  {
                 "name":  "lbry",
                 "port":  3334,
                 "coins":  1,
                 "fees":  1,
                 "hashrate":  49506198235,
                 "workers":  6,
                 "estimate_current":  "0.00000004",
                 "estimate_last24h":  "0.00000004",
                 "actual_last24h":  4E-05,
                 "hashrate_last24h":  39209083317.594
             },
    "lyra2v2":  {
                    "name":  "lyra2v2",
                    "port":  4533,
                    "coins":  8,
                    "fees":  1,
                    "hashrate":  275231925000,
                    "workers":  1120,
                    "estimate_current":  "0.00000359",
                    "estimate_last24h":  "0.00000486",
                    "actual_last24h":  0.00359,
                    "hashrate_last24h":  551562780533.56
                },
    "m7m":  {
                "name":  "m7m",
                "port":  6033,
                "coins":  1,
                "fees":  1,
                "hashrate":  12172253,
                "workers":  109,
                "estimate_current":  "0.00005174",
                "estimate_last24h":  "0.19052921",
                "actual_last24h":  0.05174,
                "hashrate_last24h":  5499943.6354
            },
    "myr-gr":  {
                   "name":  "myr-gr",
                   "port":  5433,
                   "coins":  7,
                   "fees":  1,
                   "hashrate":  961372,
                   "workers":  4,
                   "estimate_current":  "0.00000026",
                   "estimate_last24h":  "0.00000017",
                   "actual_last24h":  0.00026,
                   "hashrate_last24h":  31001646604.833
               },
    "neoscrypt":  {
                      "name":  "neoscrypt",
                      "port":  4233,
                      "coins":  11,
                      "fees":  1,
                      "hashrate":  2214246654,
                      "workers":  605,
                      "estimate_current":  "0.00019244",
                      "estimate_last24h":  "0.00015093",
                      "actual_last24h":  0.19244,
                      "hashrate_last24h":  3037217638.1771
                  },
    "nist5":  {
                  "name":  "nist5",
                  "port":  3833,
                  "coins":  3,
                  "fees":  1,
                  "hashrate":  2000939697379,
                  "workers":  131,
                  "estimate_current":  "0.00000057",
                  "estimate_last24h":  "0.00000170",
                  "actual_last24h":  0.00057000000000000009,
                  "hashrate_last24h":  217337184779.92
              },
    "phi":  {
                "name":  "phi",
                "port":  8333,
                "coins":  2,
                "fees":  1,
                "hashrate":  26152514453,
                "workers":  301,
                "estimate_current":  "0.00001134",
                "estimate_last24h":  "0.00000910",
                "actual_last24h":  0.01134,
                "hashrate_last24h":  50845911922.156
            },
    "quark":  {
                  "name":  "quark",
                  "port":  4033,
                  "coins":  2,
                  "fees":  1,
                  "hashrate":  1903110,
                  "workers":  5,
                  "estimate_current":  "0.00011857",
                  "estimate_last24h":  "0.00019376",
                  "actual_last24h":  0.11857,
                  "hashrate_last24h":  0
              },
    "qubit":  {
                  "name":  "qubit",
                  "port":  4733,
                  "coins":  2,
                  "fees":  1,
                  "hashrate":  2697300,
                  "workers":  1,
                  "estimate_current":  "0.00014528",
                  "estimate_last24h":  "0.00017375",
                  "actual_last24h":  0.14528,
                  "hashrate_last24h":  1224428.375
              },