{
    "bitcore":  {
                    "name":  "bitcore",
                    "port":  3556,
                    "coins":  1,
                    "fees":  0.5,
                    "hashrate":  751361445,
                    "workers":  22,
                    "estimate_current":  "0.00000803",
                    "estimate_last24h":  "0.00000778",
                    "actual_last24h":  0.0080299999999999989,
                    "hashrate_last24h":  2047663897.1053
                },
    "blake2s":  {
                    "name":  "blake2s",
                    "port":  5766,
                    "coins":  4,
                    "fees":  0.5,
                    "hashrate":  371928133289,
                    "workers":  48,
                    "estimate_current":  "0.00004894",
                    "estimate_last24h":  "0.00001861",
                    "actual_last24h":  0.048940000000000004,
                    "hashrate_last24h":  648659701099.38
                },
    "c11":  {
                "name":  "c11",
                "port":  3573,
                "coins":  5,
                "fees":  0.5,
                "hashrate":  18079577559,
                "workers":  341,
                "estimate_current":  "0.00001509",
                "estimate_last24h":  "0.00001085",
                "actual_last24h":  0.01509,
                "hashrate_last24h":  17814833059.621
            },
    "groestl":  {
                    "name":  "groestl",
                    "port":  5333,
                    "coins":  1,
                    "fees":  0.5,
                    "hashrate":  0,
                    "workers":  1,
                    "estimate_current":  "0.00000053",
                    "estimate_last24h":  "0.00000061",
                    "actual_last24h":  0,
                    "hashrate_last24h":  24921057.6316
                },
    "hmq1725":  {
                    "name":  "hmq1725",
                    "port":  3747,
                    "coins":  3,
                    "fees":  0.5,
                    "hashrate":  806296242,
                    "workers":  86,
                    "estimate_current":  "0.00007981",
                    "estimate_last24h":  "0.00001923",
                    "actual_last24h":  0.079809999999999992,
                    "hashrate_last24h":  20849126.4632
                },
    "hsr":  {
                "name":  "hsr",
                "port":  7433,
                "coins":  1,
                "fees":  0.5,
                "hashrate":  252946315,
                "workers":  11,
                "estimate_current":  "0.00000866",
                "estimate_last24h":  "0.00001427",
                "actual_last24h":  0.00866,
                "hashrate_last24h":  2380360422.9474
            },
    "keccak":  {
                   "name":  "keccak",
                   "port":  5133,
                   "coins":  2,
                   "fees":  0.5,
                   "hashrate":  1732188944,
                   "workers":  5,
                   "estimate_current":  "0.00010400",
                   "estimate_last24h":  "0.00010727",
                   "actual_last24h":  0.104,
                   "hashrate_last24h":  1610350516.9684
               },
    "keccakc":  {
                    "name":  "keccakc",
                    "port":  5134,
                    "coins":  1,
                    "fees":  0.5,
                    "hashrate":  20087848375,
                    "workers":  7,
                    "estimate_current":  "0.00009809",
                    "estimate_last24h":  "0.00014323",
                    "actual_last24h":  0.098090000000000011,
                    "hashrate_last24h":  61147093135
                },
    "lyra2v2":  {
                    "name":  "lyra2v2",
                    "port":  4533,
                    "coins":  9,
                    "fees":  0.5,
                    "hashrate":  12328732256,
                    "workers":  110,
                    "estimate_current":  "0.00000336",
                    "estimate_last24h":  "0.00000342",
                    "actual_last24h":  0.00336,
                    "hashrate_last24h":  8198678403.3474
                },
    "lyra2z":  {
                   "name":  "lyra2z",
                   "port":  4553,
                   "coins":  3,
                   "fees":  0.5,
                   "hashrate":  1221616044,
                   "workers":  135,
                   "estimate_current":  "0.00007971",
                   "estimate_last24h":  "0.00008285",
                   "actual_last24h":  0.079709999999999989,
                   "hashrate_last24h":  1361454793.9579
               },
    "myr-gr":  {
                   "name":  "myr-gr",
                   "port":  5433,
                   "coins":  7,
                   "fees":  0.5,
                   "hashrate":  42573090227,
                   "workers":  7,
                   "estimate_current":  "0.00000014",
                   "estimate_last24h":  "0.00000014",
                   "actual_last24h":  0.00014000000000000001,
                   "hashrate_last24h":  12363294536.232
               },
    "neoscrypt":  {
                      "name":  "neoscrypt",
                      "port":  4233,
                      "coins":  23,
                      "fees":  0.5,
                      "hashrate":  3707931969,
                      "workers":  717,
                      "estimate_current":  "0.00018964",
                      "estimate_last24h":  "0.00016679",
                      "actual_last24h":  0.18964,
                      "hashrate_last24h":  8956528998.2316
                  },
    "nist5":  {
                  "name":  "nist5",
                  "port":  3833,
                  "coins":  8,
                  "fees":  0.5,
                  "hashrate":  128693672547,
                  "workers":  53,
                  "estimate_current":  "0.00000065",
                  "estimate_last24h":  "0.00000192",
                  "actual_last24h":  0.00065000000000000008,
                  "hashrate_last24h":  40188359226.526
              },
    "phi":  {
                "name":  "phi",
                "port":  8333,
                "coins":  2,
                "fees":  0.5,
                "hashrate":  5242031637,
                "workers":  60,
                "estimate_current":  "0.00001099",
                "estimate_last24h":  "0.00000905",
                "actual_last24h":  0.01099,
                "hashrate_last24h":  16232810360.221
            },
    "quark":  {
                  "name":  "quark",
                  "port":  4033,
                  "coins":  4,
                  "fees":  0.5,
                  "hashrate":  194950741682,
                  "workers":  32,
                  "estimate_current":  "0.00010799",
                  "estimate_last24h":  "0.00020978",
                  "actual_last24h":  0.10799,
                  "hashrate_last24h":  607312199833
              },
    "qubit":  {
                  "name":  "qubit",
                  "port":  4733,
                  "coins":  3,
                  "fees":  0.5,
                  "hashrate":  78202456662,
                  "workers":  17,
                  "estimate_current":  "0.00015938",
                  "estimate_last24h":  "0.00015748",
                  "actual_last24h":  0.15938000000000002,
                  "hashrate_last24h":  152534951523.33
              },
    "scrypt":  {
                   "name":  "scrypt",
                   "port":  3433,
                   "coins":  34,
                   "fees":  0.5,
                   "hashrate":  278168186401,
                   "workers":  373,
                   "estimate_current":  "0.00201213",
                   "estimate_last24h":  "0.00165074",